{"tp": 126, "fp": 20165, "tn": 55151, "fn": 55, "precision": 0.006209649598038064, "recall": 0.6961325928390465, "acc": 0.7321747884021882}