{
    "tp": 102,
    "fp": 26258,
    "tn": 49103,
    "fn": 34,
    "precision": 0.003869499241127864,
    "recall": 0.7499999944852942,
    "acc": 0.6517477515662874
}