{
    "tp": 155,
    "fp": 75342,
    "tn": 0,
    "fn": 0,
    "precision": 0.002053061711034173,
    "recall": 0.9999999935483872
}