{"tp": 164, "fp": 75333, "tn": 0, "fn": 0, "precision": 0.002172271745868415, "recall": 0.9999999939024391}