{"tp": 152, "fp": 75345, "tn": 0, "fn": 0, "precision": 0.002013325032756092, "recall": 0.9999999934210527, "acc": 0.0020133250327827594}